{
  "shiftDefinition" : {
    "id" : "eed31dd5-55ae-4999-97a3-fcd84ee886e8",
    "version" : 3,
    "name" : "G1_GVE",
    "description" : "G1 PBW 0600-1400",
    "unit" : "GVE",
    "auditData" : {
      "createdBy" : "{\"extId\":null,\"displayName\":\"Dominique Stussi\",\"email\":\"dominique.stussi@meteoswiss.ch\",\"username\":\"stu\"}",
      "createdTime" : "2023-12-05T14:01:07.197822Z",
      "lastModifiedBy" : "{\"extId\":null,\"displayName\":\"Dominique Stussi\",\"email\":\"dominique.stussi@meteoswiss.ch\",\"username\":\"stu\"}",
      "lastModifiedTime" : "2023-12-22T07:29:53.445555Z"
    },
    "intendedStartTime" : "06:00:00",
    "allowedStartTime" : "05:30:00",
    "zoneId" : "Europe/Zurich",
    "duration" : "PT8H",
    "taskDefinitionIds" : [ "a22c49bb-2c99-4275-a4e7-057033391710", "a06e44df-d48c-479c-a48e-2971187792af", "c6c99e22-dc61-461a-b9fe-3788f5074999", "35e24943-bef5-44ba-93c7-ab4d11b7c797", "66f5dd0c-8860-4c6c-82cf-ef0885b754f5", "c9262502-abb3-48d6-b9c8-c19ff1964775", "87ecef1d-70b8-4d07-8c6c-12dd927f5ac6", "f619906a-a02a-4d5a-b287-82bb441e44dc" ]
  },
  "taskDefinitions" : [ {
    "id" : "a22c49bb-2c99-4275-a4e7-057033391710",
    "version" : 2,
    "name" : "G1_GVE-0600",
    "description" : "Rappels : Vent et Neige",
    "unit" : "GVE",
    "auditData" : {
      "createdBy" : "{\"extId\":null,\"displayName\":\"Dominique Stussi\",\"email\":\"dominique.stussi@meteoswiss.ch\",\"username\":\"stu\"}",
      "createdTime" : "2023-12-14T13:24:23.197902Z",
      "lastModifiedBy" : "{\"extId\":null,\"displayName\":\"Dominique Stussi\",\"email\":\"dominique.stussi@meteoswiss.ch\",\"username\":\"stu\"}",
      "lastModifiedTime" : "2023-12-14T13:54:16.248501Z"
    },
    "intendedStartTime" : "06:15:00",
    "allowedStartTime" : "06:00:00",
    "zoneId" : "Europe/Zurich",
    "duration" : "PT5M",
    "onDemand" : false,
    "schedule" : {
      "startDate" : null,
      "endDate" : null,
      "expression" : null
    },
    "commands" : [ {
      "name" : "Rappels",
      "command" : "<ol>\n<li>Rappel : en cas de rafales &gt; 70 km/h attendues dans les 2h, faire un PREAVIS vent LSGG (aussi en cas de TS dynamique)</li>\n<li>Rappel : en cas d'avis neige LSGG, le pr&eacute;visionniste appelle le CIN</li>\n</ol>",
      "nextStatus" : "COMPLETED",
      "type" : "TEXT"
    } ]
  }, {
    "id" : "a06e44df-d48c-479c-a48e-2971187792af",
    "version" : 2,
    "name" : "G1_GVE-0615",
    "description" : "Consulter APW blog, main courante, mise à jour produits et mails du compte cmg",
    "unit" : "GVE",
    "auditData" : {
      "createdBy" : "{\"extId\":null,\"displayName\":\"Dominique Stussi\",\"email\":\"dominique.stussi@meteoswiss.ch\",\"username\":\"stu\"}",
      "createdTime" : "2023-12-14T13:29:17.395468Z",
      "lastModifiedBy" : "{\"extId\":null,\"displayName\":\"Dominique Stussi\",\"email\":\"dominique.stussi@meteoswiss.ch\",\"username\":\"stu\"}",
      "lastModifiedTime" : "2023-12-14T13:54:22.160483Z"
    },
    "intendedStartTime" : "06:15:00",
    "allowedStartTime" : "06:00:00",
    "zoneId" : "Europe/Zurich",
    "duration" : "PT10M",
    "onDemand" : false,
    "schedule" : {
      "startDate" : null,
      "endDate" : null,
      "expression" : null
    },
    "commands" : [ {
      "name" : "Rappels",
      "command" : "<p>Consulter</p>\n<ol>\n<li><a href=\"http://infonet.meteoswiss.ch/blogs/apw-blog/default.aspx\" target=\"_blank\" rel=\"noopener\">APW blog</a></li>\n<li><a href=\"https://meteoswiss.atlassian.net/l/cp/UZkoSdVZ\" target=\"_blank\" rel=\"noopener\">main courante</a></li>\n<li>mise &agrave; jour produits</li>\n<li>emails du compte cmg</li>\n</ol>",
      "nextStatus" : "COMPLETED",
      "type" : "TEXT"
    } ]
  }, {
    "id" : "c6c99e22-dc61-461a-b9fe-3788f5074999",
    "version" : 1,
    "name" : "G1_GVE-0620",
    "description" : "Bulletin Radio RTS 07h (envoi avant 06h45)",
    "unit" : "GVE",
    "auditData" : {
      "createdBy" : "{\"extId\":null,\"displayName\":\"Dominique Stussi\",\"email\":\"dominique.stussi@meteoswiss.ch\",\"username\":\"stu\"}",
      "createdTime" : "2023-12-14T13:32:23.372192Z",
      "lastModifiedBy" : "{\"extId\":null,\"displayName\":\"Dominique Stussi\",\"email\":\"dominique.stussi@meteoswiss.ch\",\"username\":\"stu\"}",
      "lastModifiedTime" : "2023-12-14T13:54:28.046284Z"
    },
    "intendedStartTime" : "06:20:00",
    "allowedStartTime" : "06:10:00",
    "zoneId" : "Europe/Zurich",
    "duration" : "PT5M",
    "onDemand" : false,
    "schedule" : {
      "startDate" : null,
      "endDate" : null,
      "expression" : null
    },
    "commands" : [ {
      "name" : "FPE",
      "command" : "<p>Cr&eacute;ation:</p>\n<p style=\"padding-left: 40px;\">fpe -p Radio07</p>\n<p>Correction:</p>\n<p style=\"padding-left: 40px;\">fpe -n Radio07</p>",
      "nextStatus" : "COMPLETED",
      "type" : "TEXT"
    } ]
  }, {
    "id" : "35e24943-bef5-44ba-93c7-ab4d11b7c797",
    "version" : 1,
    "name" : "G1_GVE-0625",
    "description" : "Vérifier présence tour Clim à l'horaire (sinon, appels clim pris en salle de prévision)",
    "unit" : "GVE",
    "auditData" : {
      "createdBy" : "{\"extId\":null,\"displayName\":\"Dominique Stussi\",\"email\":\"dominique.stussi@meteoswiss.ch\",\"username\":\"stu\"}",
      "createdTime" : "2023-12-14T13:46:01.493244Z",
      "lastModifiedBy" : "{\"extId\":null,\"displayName\":\"Dominique Stussi\",\"email\":\"dominique.stussi@meteoswiss.ch\",\"username\":\"stu\"}",
      "lastModifiedTime" : "2023-12-14T13:54:41.148346Z"
    },
    "intendedStartTime" : "06:25:00",
    "allowedStartTime" : "06:00:00",
    "zoneId" : "Europe/Zurich",
    "duration" : "PT2M",
    "onDemand" : false,
    "schedule" : {
      "startDate" : null,
      "endDate" : null,
      "expression" : null
    },
    "commands" : [ {
      "name" : "Rappel",
      "command" : "<p>V&eacute;rifier pr&eacute;sence tour Clim &agrave; l'horaire (sinon, appels clim pris en salle de pr&eacute;vision)</p>",
      "nextStatus" : "COMPLETED",
      "type" : "TEXT"
    } ]
  }, {
    "id" : "66f5dd0c-8860-4c6c-82cf-ef0885b754f5",
    "version" : 1,
    "name" : "G1_GVE-0630",
    "description" : "Mise a jour bulletin général",
    "unit" : "GVE",
    "auditData" : {
      "createdBy" : "{\"extId\":null,\"displayName\":\"Dominique Stussi\",\"email\":\"dominique.stussi@meteoswiss.ch\",\"username\":\"stu\"}",
      "createdTime" : "2023-12-14T13:35:37.579500Z",
      "lastModifiedBy" : "{\"extId\":null,\"displayName\":\"Dominique Stussi\",\"email\":\"dominique.stussi@meteoswiss.ch\",\"username\":\"stu\"}",
      "lastModifiedTime" : "2023-12-14T13:54:47.369912Z"
    },
    "intendedStartTime" : "06:30:00",
    "allowedStartTime" : "06:00:00",
    "zoneId" : "Europe/Zurich",
    "duration" : "PT10M",
    "onDemand" : false,
    "schedule" : {
      "startDate" : null,
      "endDate" : null,
      "expression" : null
    },
    "commands" : [ {
      "name" : "FPE",
      "command" : "<p>/prod/gve/home/ope/fpe/MG/phone1.sh</p>",
      "nextStatus" : "COMPLETED",
      "type" : "TEXT"
    } ]
  }, {
    "id" : "c9262502-abb3-48d6-b9c8-c19ff1964775",
    "version" : 2,
    "name" : "G1_GVE-0650",
    "description" : "Evaluer le besoin d'un tour R et appeler à 7h au besoin",
    "unit" : "GVE",
    "auditData" : {
      "createdBy" : "{\"extId\":null,\"displayName\":\"Dominique Stussi\",\"email\":\"dominique.stussi@meteoswiss.ch\",\"username\":\"stu\"}",
      "createdTime" : "2023-12-14T13:33:43.591029Z",
      "lastModifiedBy" : "{\"extId\":null,\"displayName\":\"Dominique Stussi\",\"email\":\"dominique.stussi@meteoswiss.ch\",\"username\":\"stu\"}",
      "lastModifiedTime" : "2023-12-14T13:54:54.175505Z"
    },
    "intendedStartTime" : "06:50:00",
    "allowedStartTime" : "06:00:00",
    "zoneId" : "Europe/Zurich",
    "duration" : "PT2M",
    "onDemand" : false,
    "schedule" : {
      "startDate" : null,
      "endDate" : null,
      "expression" : null
    },
    "commands" : [ {
      "name" : "Rappel",
      "command" : "<p>Evaluer le besoin d'un tour R et appeler &agrave; 7h au besoin</p>\n<p><a href=\"https://meteoswiss.atlassian.net/l/cp/HBZCZdeo\" target=\"_blank\" rel=\"noopener\">T&eacute;l&eacute;phone priv&eacute; des collaborateurs</a></p>",
      "nextStatus" : "COMPLETED",
      "type" : "TEXT"
    } ]
  }, {
    "id" : "87ecef1d-70b8-4d07-8c6c-12dd927f5ac6",
    "version" : 3,
    "name" : "G1_GVE-0700",
    "description" : "Probabilités d'orage pour le briefing Skyguide",
    "unit" : "GVE",
    "auditData" : {
      "createdBy" : "{\"extId\":null,\"displayName\":\"Dominique Stussi\",\"email\":\"dominique.stussi@meteoswiss.ch\",\"username\":\"stu\"}",
      "createdTime" : "2023-12-14T13:48:18.819518Z",
      "lastModifiedBy" : "{\"extId\":null,\"displayName\":\"Dominique Stussi\",\"email\":\"dominique.stussi@meteoswiss.ch\",\"username\":\"stu\"}",
      "lastModifiedTime" : "2023-12-14T13:55:00.292150Z"
    },
    "intendedStartTime" : "07:00:00",
    "allowedStartTime" : "06:00:00",
    "zoneId" : "Europe/Zurich",
    "duration" : "PT15M",
    "onDemand" : false,
    "schedule" : {
      "startDate" : "2000-04-01",
      "endDate" : "2000-10-31",
      "expression" : null
    },
    "commands" : [ {
      "name" : "Command et lien intranet",
      "command" : "<p>Commande:</p>\n<p style=\"padding-left: 40px;\">/prod/gve/home/ope/fpe/MG/phone1.sh</p>\n<p>Visualiser le <a href=\"https://servicedevt.meteoswiss.ch/sectorforecast/\" target=\"_blank\" rel=\"noopener\">New Sector Forecast</a></p>\n<p>&nbsp;</p>",
      "nextStatus" : "COMPLETED",
      "type" : "TEXT"
    } ]
  }, {
    "id" : "f619906a-a02a-4d5a-b287-82bb441e44dc",
    "version" : 1,
    "name" : "G1_GVE_0920",
    "description" : "Proposition nouvelle neige SLF -> 3 périodes consécutives de 24 heures",
    "unit" : "GVE",
    "auditData" : {
      "createdBy" : "{\"extId\":null,\"displayName\":\"Dominique Stussi\",\"email\":\"dominique.stussi@meteoswiss.ch\",\"username\":\"stu\"}",
      "createdTime" : "2023-12-22T07:26:54.970791Z",
      "lastModifiedBy" : "{\"extId\":null,\"displayName\":\"Dominique Stussi\",\"email\":\"dominique.stussi@meteoswiss.ch\",\"username\":\"stu\"}",
      "lastModifiedTime" : "2023-12-22T07:29:24.782945Z"
    },
    "intendedStartTime" : "09:20:00",
    "allowedStartTime" : "09:00:00",
    "zoneId" : "Europe/Zurich",
    "duration" : "PT15M",
    "onDemand" : false,
    "schedule" : {
      "startDate" : "2000-11-01",
      "endDate" : "2001-04-15",
      "expression" : null
    },
    "commands" : [ {
      "name" : "CASTOR new product",
      "url" : "https://${castor.baseUrl}/products/new?productDefinition=product_1&requestId=${requestId}&action=save",
      "method" : "GET",
      "headers" : null,
      "body" : null,
      "nextStatus" : "COMPLETED",
      "type" : "HTTP_REQUEST"
    }, {
      "name" : "CASTOR amend product",
      "url" : "https://${castor.baseUrl}/products/new?productDefinition=product_1&requestId=${requestId}&action=loadLast",
      "method" : "GET",
      "headers" : null,
      "body" : null,
      "nextStatus" : "COMPLETED",
      "type" : "HTTP_REQUEST"
    } ]
  } ]
}